Method,Low,Mid,High
DCF (5Y FCFF + Gordon TV),402.5,435.6,474.3
SOTP (FY27E EV/EBITDA),320.92211712618234,401.21392634332864,481.50573556047493
Trading Comps (Fwd P/E),339.0,414.0,490.0
Trading Comps (EV/EBITDA),316.21292010464884,409.37452203662707,502.53612396860535
Monte Carlo (P25/Median/P75),378.2573416082055,456.05096289124003,543.7976413618968
Street Consensus (last 30D),430.0,469.0,500.0
