{
  "spot_price": 422.76,
  "wacc": 0.093785,
  "dcf_target": 444.47005983556295,
  "dcf_upside": 0.05135315506567073,
  "sotp_mid": 401.21392634332864,
  "comps_pe_mid": 440.0,
  "comps_evx_mid": 409.37452203662707,
  "mc_median": 456.05096289124003,
  "mc_mean": 470.9281145261816,
  "mc_p25": 378.2573416082055,
  "mc_p75": 543.7976413618969,
  "mc_prob_above_spot": 0.6073717948717948,
  "football_high": 543.7976413618969,
  "football_low": 316.21292010464884,
  "football_avg_mid": 435.2065685451992
}