{
  "spot_price": 399.83,
  "wacc": 0.093785,
  "dcf_target": 444.47005983556295,
  "dcf_upside": 0.11164759981883043,
  "sotp_mid": 401.21392634332864,
  "comps_pe_mid": 440.0,
  "comps_evx_mid": 409.37452203662707,
  "mc_median": 456.05096289124003,
  "mc_mean": 470.92811452618173,
  "mc_p25": 378.2573416082055,
  "mc_p75": 543.7976413618968,
  "mc_prob_above_spot": 0.6834935897435898,
  "football_high": 543.7976413618968,
  "football_low": 316.21292010464884,
  "football_avg_mid": 435.2065685451992,
  "return_30d": 36.3,
  "return_12m": 107.7,
  "as_of_date": "29-Apr-26",
  "pt": 475.0,
  "pt_upside_pct": 18.8
}